D_func-S-2-all,D_func-S-3-all,f-lig-T-1,sum-lc-T-2-all,sum-lc-alpha-0-all,sum-D_lc-S-1-all,sum-D_lc-S-2-all,sum-D_lc-S-3-all,sum-D_lc-alpha-3-all,sum-func-chi-0-all,sum-func-Z-0-all,sum-func-Z-3-all,sum-D_func-chi-1-all,sum-D_func-chi-2-all,sum-D_func-T-1-all,sum-D_func-T-3-all,sum-f-lig-I-0,MNC,MPC,pure_CO2_kH,pure_CO2_widomHOA,pure_methane_kH,pure_methane_widomHOA,pure_uptake_CO2_298.00_15000,pure_uptake_methane_298.00_580000
0.66,1.06,1072.0,12.0,84.27,-0.12,-0.12,-0.24,-36.0,27.7248,147.0,714.0,6.93,12.39,6.0,36.0,144,-0.411,0.904,8.7e-05,-22.67434351,2.18e-05,-16.25919862,0.937286612,5.221094125
0.064714286,0.195142857,330.0,44.4,193.79,-0.3,1.32,1.24,-32.2,31.2481,349.7142857,458.8571429,-0.221071429,1.988214286,1.678571429,-3.785714286,124,-0.497,1.228,3.33e-05,-20.81253375,7.68e-06,-13.82321369,0.502480488,2.955652579
0.37,-0.02,282.0,130.6666667,627.24,-0.64,4.56,-1.013333333,-164.0,73.9328,392.0,672.0,7.84,17.36,-16.0,-16.0,352,-0.436,0.92,5.02e-05,-21.76187106,1.12e-05,-14.24148103,0.700165218,3.931157173
-0.03,-0.06,240.0,64.0,449.44,-0.64,-0.64,-1.28,-192.0,142.0032,768.0,1152.0,10.68,10.68,-24.0,-48.0,320,-0.479,1.245,7.77e-05,-22.95630086,1.67e-05,-16.74596671,1.050109408,3.39924215
-0.026666667,0.086666667,180.0,16.66666667,117.47,-0.08,-0.106666667,-0.2,-29.4,18.4832,98.0,308.0,0.98,1.96,-4.0,-12.0,46,-0.532,1.741,0.00313541,-40.13713353,6.96e-06,-12.25327745,3.25583771,2.54128485
-0.1,0.34,150.0,16.0,112.36,-0.16,-0.16,-0.16,-24.0,47.3344,256.0,768.0,5.34,8.9,-8.0,6.0,52,-0.504,1.263,7.18e-05,-26.19972334,1.11e-05,-19.16742057,0.825272227,2.023616659
-0.016,-0.016,202.0,64.0,238.24,-0.186666667,2.08,2.153333333,-4.9,18.4832,98.0,168.0,0.0,1.96,0.0,-4.0,82,-0.478,1.143,0.000247215,-28.08450207,4.48e-05,-20.96506318,2.059169323,4.068541001
0.0,0.0,366.0,24.0,169.2742857,-0.091428571,-0.137142857,0.182857143,-33.37142857,0.0,0.0,0.0,0.0,0.0,0.0,0.0,112,-0.556,1.805,0.0103344,-43.7004204,2.49e-05,-17.78294683,5.560020305,3.932770938
-0.026666667,0.066666667,222.6666667,24.0,168.54,-0.24,-0.24,-0.48,-72.0,47.3344,256.0,400.0,6.04,3.56,-4.0,-12.0,112,-0.538,1.324,3.48e-05,-25.69503502,4.84e-06,-17.48155158,0.421691966,1.181278837
-0.04,-0.08,730.0,77.71428571,285.68,-0.32,0.411428571,0.914285714,-118.4,94.6688,512.0,768.0,7.12,7.12,-16.0,-32.0,416,-0.923,2.403,1.87e-05,-20.20762946,5.95e-06,-14.29169423,0.276919634,2.4208297
-0.04,-0.08,150.0,60.0,248.55,-0.24,2.04,0.78,-50.7,71.0016,384.0,576.0,5.34,5.34,-12.0,-24.0,78,-0.423,0.902,0.000778736,-32.8243719,6.8e-05,-22.4967323,2.511250649,3.362389533
0.48,1.065,150.0,16.0,112.36,-0.16,-0.16,-1.32,-80.4,36.98,640.0,1440.0,1.9,2.02,-8.0,6.0,52,-0.484,0.853,5.46e-05,-21.79625366,1.11e-05,-14.18566724,0.823027625,2.7230086
-0.026666667,0.933333333,954.0,32.0,224.72,-0.32,-0.32,-0.64,-96.0,80.8448,432.0,1082.666667,12.08,5.226666667,5.333333333,21.33333333,576,-0.427,0.925,2.27e-05,-16.86127714,8.46e-06,-11.63529642,0.326729758,3.682659401
0.213333333,-0.06,674.0,133.3333333,438.08,-0.266666667,3.733333333,3.786666667,-21.06666667,73.9328,392.0,1400.0,8.4,12.32,8.0,-5.333333333,384,-0.24,1.192,0.000231402,-27.34637992,6.39e-05,-22.54162113,2.102396268,4.240044821
0.0,0.0,1316.0,68.0,221.88,-0.24,-0.32,1.8,-61.8,0.0,0.0,0.0,0.0,0.0,0.0,0.0,528,-0.594,1.505,2.87e-05,-19.7585441,6.53e-06,-11.40643143,0.413779919,3.081013736
0.0,0.0,390.0,16.0,112.36,-0.16,-0.16,-0.32,-48.0,0.0,0.0,0.0,0.0,0.0,0.0,0.0,120,-0.679,1.13,0.000366487,-35.43681995,1.9e-05,-17.52247692,2.38149084,2.807964541
-0.05,-0.09,243.0,88.0,331.4,-0.32,1.56,1.9,-44.1,94.6688,512.0,992.0,7.12,8.72,-16.0,-36.0,160,-0.421,0.882,0.00170629,-44.67768826,1.9e-06,-20.59987968,1.650591172,0.836450481
0.0,0.0,2.0,0.0,1641.8,0.0,0.0,0.0,0.0,0.0,0.0,0.0,0.0,0.0,0.0,0.0,28,-0.316,0.82,4.68e-06,-13.60670036,2.23e-06,-10.4454331,0.070086276,1.101013702
0.056666667,0.353333333,1236.0,16.0,112.36,-0.16,-0.16,-0.32,-48.0,40.91473333,353.3333333,1473.333333,2.373333333,3.08,-4.0,-6.666666667,360,-0.512,1.467,3.23e-05,-19.45972532,1.11e-05,-14.13235933,0.469267248,3.601511
-0.024,0.432,144.0,64.0,561.8,-0.64,-0.48,-0.96,-144.0,195.2,1040.0,1176.0,29.56,11.76,112.0,80.0,256,-0.531,2.09,7.68e-06,-19.12225472,2.67e-06,-14.8312023,0.114182875,0.881936311
0.466666667,0.46,457.3333333,64.0,275.22,-0.24,2.96,-0.24,-39.6,60.6336,324.0,500.0,4.72,12.42,-8.0,0.0,200,-0.448,1.213,5.6e-05,-29.37839873,8.98e-06,-22.53444874,0.634965791,1.562371077
0.0,0.0,342.0,16.0,112.36,-0.16,-0.16,-0.32,-48.0,0.0,0.0,0.0,0.0,0.0,0.0,0.0,104,-0.433,0.902,4.76e-05,-20.01902803,1.43e-05,-15.00927444,0.698727631,3.829795849
0.346666667,0.106666667,256.0,268.8,876.16,-0.448,1.792,3.456,-9.6,147.8656,784.0,1754.666667,13.06666667,26.50666667,-26.66666667,-10.66666667,320,-0.266,1.112,0.00187915,-42.22534342,1.11e-05,-17.75823823,3.535623866,2.728935307
-0.02,-0.04,172.0,144.0,497.1,-0.4,-0.48,8.56,-18.0,71.0016,384.0,576.0,5.34,5.34,-12.0,-24.0,174,-1.112,0.923,4.4e-05,-21.53159973,8.97e-06,-13.82627554,0.624304941,3.312281824
-0.05,0.46,810.0,64.0,449.44,-0.64,-0.64,-1.28,-192.0,168.6016,904.0,2672.0,21.68,18.88,0.0,-16.0,960,-0.96,1.224,0.000337901,-38.22971206,9.27e-06,-11.07667016,0.890804409,4.420119224
-0.16,0.2,1386.0,16.0,112.36,-0.16,-0.16,-0.32,-48.0,47.3344,256.0,800.0,7.12,14.24,-8.0,-8.0,360,-0.431,0.904,1.54e-05,-12.82707978,7.17e-06,-8.426302857,0.230729211,3.672724469
0.0,0.0,232.0,80.0,449.44,-0.64,-0.64,10.88,-70.4,0.0,0.0,0.0,0.0,0.0,0.0,0.0,288,-0.615,1.306,0.000479206,-35.34765479,1.4e-05,-16.72717327,2.266753494,3.080940493
-0.04,-0.04,116.0,72.0,264.552,-0.192,-0.24,0.048,0.72,71.0016,384.0,672.0,5.34,5.34,-12.0,-12.0,66,-0.553,1.104,0.0213494,-49.10721192,3.4e-06,-10.78880775,5.255752234,1.542429029
0.0,0.0,300.0,168.0,954.52,-0.16,2.56,5.52,-34.0,0.0,0.0,0.0,0.0,0.0,0.0,0.0,368,-0.417,1.748,9.3e-05,-24.67929043,2.65e-05,-19.67847434,0.93443184,2.030771335
-0.16,1.28,348.0,48.0,337.08,-0.48,-0.48,-0.96,-144.0,142.0032,768.0,2688.0,21.36,42.72,-24.0,0.0,324,-0.692,2.112,1.73e-05,-18.79395881,6.79e-06,-14.2465055,0.270389211,1.821741568
0.0,0.0,366.0,24.0,169.2742857,-0.091428571,-0.137142857,0.182857143,-33.37142857,0.0,0.0,0.0,0.0,0.0,0.0,0.0,112,-0.488,1.596,0.00181599,-37.50101455,2.36e-05,-17.29724562,5.112534218,4.095399089
-0.04,-0.08,216.0,48.0,337.08,-0.48,-0.48,-0.96,-144.0,142.0032,768.0,1152.0,10.68,10.68,-24.0,-48.0,216,-0.726,1.231,0.000149515,-27.0160971,1.08e-05,-13.61771909,1.605733007,3.805905952
0.0,0.0,690.0,12.0,84.27,-0.12,-0.12,-0.24,-36.0,0.0,0.0,0.0,0.0,0.0,0.0,0.0,150,-0.423,0.911,2.01e-05,-14.22242226,7.97e-06,-9.856318831,0.302402049,4.131392085
-0.04,-0.08,226.0,51.0,337.08,-0.48,-0.48,0.12,-141.6,142.0032,768.0,1152.0,18.12,10.68,-12.0,-36.0,228,-0.527,0.561,4.68e-05,-22.90568138,7.22e-06,-12.16314964,0.603118136,2.944145308
0.1525,2.10625,324.0,30.19047619,128.87,-1.14047619,0.31047619,-1.04047619,-89.92380952,30.91356667,631.6666667,1793.666667,-6.48,0.643333333,18.33333333,49.0,96,-0.479,0.915,0.0128008,-50.03485281,9.2e-06,-22.84273362,1.37208498,1.567654871
0.37,0.26,498.0,10.0,56.18,-0.08,-0.08,1.36,-8.8,21.0752,113.0,374.0,2.36,2.17,-3.0,-8.0,72,-0.63,1.873,0.0058304,-45.1793142,1.71e-05,-19.80963771,3.608855326,3.141485236
-0.016,-0.024,147.6,38.0,195.875,-0.16,0.113333333,0.253333333,-26.46666667,23.6672,128.0,208.0,1.78,1.78,-4.0,-6.0,66,-0.493,1.482,0.0122925,-52.65794473,5.22e-06,-17.50803942,2.392191562,0.977908529
-0.033333333,0.123333333,443.3333333,104.0,443.76,-0.48,2.56,3.333333333,-113.7333333,84.3008,452.0,1270.0,9.16,9.44,-8.0,-32.0,356,-1.112,1.22,0.000243553,-33.43516457,1.53e-05,-18.55105938,0.945413393,1.818801648
-0.016,-0.016,202.0,64.0,238.24,-0.186666667,2.08,2.153333333,-4.9,18.4832,98.0,168.0,0.0,1.96,0.0,-4.0,82,-0.458,1.072,0.00024638,-28.14840793,4.46e-05,-21.15411924,1.984171506,4.118456868
0.2,0.44,420.0,144.0,550.44,-0.48,5.6,5.6,-32.8,121.2672,648.0,1504.0,11.4,22.04,-24.0,-24.0,376,-0.485,1.185,0.00979458,-46.93075383,2.94e-05,-21.04160818,2.100366052,2.548677048
0.0,0.0,21.5,36.0,449.44,-5.92,-0.16,0.0,0.0,57.0288,13068.0,0.0,-40.32,0.0,56.0,0.0,68,-0.414,1.248,2.75e-05,-25.48920732,1.32e-06,-15.05836042,0.355017141,0.571679044
1.331851852,1.805185185,448.0,115.8787879,390.7490909,-2.294545455,0.116363636,6.066666667,-185.8121212,95.26553333,5188.0,5826.666667,-11.21777778,8.948888889,19.11111111,56.88888889,396,-0.954,2.09,8.21e-05,-36.10940015,2.25e-06,-15.24818032,0.57413783,0.673647063
-0.01,-0.02,258.5,104.0,520.56,-0.64,1.84,-0.293333333,-194.2666667,47.3344,256.0,384.0,3.56,3.56,-8.0,-12.0,336,-0.574,1.244,9e-05,-23.06758671,2.4e-05,-17.68921484,1.181194488,4.963550869
-0.02,-0.04,150.0,144.0,627.24,-0.64,4.426666667,4.186666667,-99.33333333,94.6688,512.0,768.0,7.12,7.12,-16.0,-32.0,208,-0.387,1.203,0.00313782,-39.55784873,6.21e-05,-21.78412208,3.751408597,3.905230557
0.0,0.0,207.6,65.33333333,238.24,-0.2,2.333333333,2.153333333,-4.9,0.0,0.0,0.0,0.0,0.0,0.0,0.0,84,-0.483,1.067,0.000254323,-28.4560252,4.54e-05,-20.96197445,2.09258002,4.309120552
-0.08,1.22,604.0,84.0,331.4,-0.32,2.72,4.08,-37.2,84.3008,452.0,1592.0,9.44,15.32,-8.0,24.0,332,-0.416,1.077,0.000250612,-30.90548035,6.33e-05,-25.47157463,1.360781558,1.973775304
-0.02,0.04,195.0,80.0,331.4,-0.2,-0.24,4.2,-21.0,45.2608,244.0,385.6,1.816,3.632,-3.2,-9.6,120,-1.777,0.932,1.51e-05,-33.261744,5.72e-06,-23.90760845,0.210663609,1.423115378
-0.013333333,-0.026666667,286.0,72.0,275.22,-0.24,2.8,2.8,-16.4,23.6672,128.0,192.0,1.78,1.78,-4.0,-8.0,134,-1.039,1.183,0.00671189,-45.90588359,1.51e-05,-21.807366,4.147151478,1.605949397
-0.035,0.21,450.0,144.0,887.52,-0.64,-0.8,-1.44,-223.2,237.3504,1266.0,3012.0,22.14,20.04,-12.0,-36.0,816,-0.594,0.922,1.61e-05,-14.46228238,5.73e-06,-8.766103564,0.236572991,2.760867056
3.12,9.44,840.0,8.0,56.18,-0.08,-0.08,-0.16,-24.0,7.22,392.0,1568.0,-5.2,-10.4,8.0,64.0,122,-0.427,0.91,6.17e-05,-27.32590317,1.87e-05,-22.53887995,0.815159947,3.940961317
0.0,0.0,216.0,16.0,112.36,-0.16,-0.16,-0.32,-48.0,0.0,0.0,0.0,0.0,0.0,0.0,0.0,72,-0.61,0.931,3.61e-05,-18.92274136,9.84e-06,-13.18755461,0.54981056,3.622060639
-0.04,-0.08,2053.333333,24.66666667,168.54,-0.24,-0.24,-0.24,-71.46666667,71.0016,384.0,576.0,7.82,5.34,-8.0,-20.0,854,-0.772,1.235,3.93e-05,-17.43511647,1.49e-05,-13.01601817,0.575107527,5.921926257
0.973333333,0.44,525.3333333,74.0,275.22,-0.24,2.88,2.8,-12.8,60.6336,324.0,660.0,7.66,19.14,-8.0,-10.0,216,-0.434,1.058,0.000263755,-31.89796999,2.89e-05,-22.57949116,2.470761156,3.278507508
0.0,0.0,158.0,120.0,401.088,0.432,3.168,6.912,15.36,0.0,0.0,0.0,0.0,0.0,0.0,0.0,168,-0.568,2.281,2.9e-05,-21.59231621,1.39e-05,-18.02658579,0.363795559,1.81574113
-0.024,-0.032,135.6,136.0,494.26,-0.24,-0.24,8.96,45.6,97.6,520.0,528.0,1.78,5.7,-4.0,-24.0,116,-1.015,1.177,0.00440253,-40.71103192,1.67e-05,-17.29737134,3.247106844,2.423275818
-0.048,0.068,522.0,24.0,168.54,-0.24,-0.24,-0.48,-72.0,67.8912,366.0,729.6,5.448,6.624,-12.0,-22.8,234,-0.364,0.941,5.79e-05,-22.65322216,1.63e-05,-17.0224459,0.794916632,3.42824123
0.095,0.07,220.0,48.0,221.88,-0.74,-0.24,-0.44,-71.4,59.3478,649.5,765.0,2.715,4.23,-7.5,-19.5,102,-0.539,1.213,1.74e-05,-17.58949944,6.93e-06,-13.75880038,0.266628316,2.353692588
-0.04,-0.08,216.0,16.0,112.36,-0.16,-0.16,-0.32,-48.0,47.3344,256.0,384.0,3.56,3.56,-8.0,-16.0,72,-0.478,1.233,0.00013296,-27.02222477,1.06e-05,-13.32773775,1.731003068,3.96383453
1.537777778,1.031111111,608.0,72.0,275.22,-0.24,2.8,2.8,-16.4,60.6336,324.0,910.6666667,8.253333333,30.66,-16.66666667,25.33333333,256,-0.458,1.208,7.13e-05,-31.67538338,3.54e-06,-21.11512074,0.759889835,1.017601803
0.0,0.0,282.0,48.0,221.88,-0.24,1.28,1.16,-44.2,0.0,0.0,0.0,0.0,0.0,0.0,0.0,128,-0.459,1.155,0.000154583,-24.71754272,4.11e-05,-19.38109191,1.780831686,4.567792789
0.7,1.1,384.0,20.0,82.85,-0.08,0.7,0.28,-13.0,18.4832,98.0,210.0,2.94,6.3,0.0,12.0,56,-0.469,1.107,0.00321862,-41.64787736,4.75e-05,-24.00750113,3.005161549,2.688106588
-0.026666667,-0.053333333,389.0,240.0,887.52,-0.96,4.96,18.24,-52.0,94.6688,512.0,1536.0,17.04,14.24,0.0,-32.0,552,-1.45,1.242,5.91e-05,-28.37241982,8.97e-06,-21.49823442,0.441569556,0.696917666
-0.04,-0.08,216.0,24.0,168.54,-0.24,-0.24,-0.48,-72.0,71.0016,384.0,576.0,5.34,5.34,-12.0,-24.0,108,-0.792,1.243,2e-05,-23.69695536,8.29e-06,-19.65718497,0.222011831,0.583245249
0.236666667,0.144444444,448.6666667,72.0,275.22,-0.24,2.8,2.8,-16.4,60.6336,324.0,1046.0,6.686666667,15.06,-7.666666667,-13.66666667,202,-0.468,1.175,6.78e-05,-23.49470464,2.03e-05,-18.53236841,0.775348843,2.083610386
-0.04,-0.08,216.0,32.0,224.72,-0.32,-0.32,-0.64,-96.0,94.6688,512.0,768.0,7.12,7.12,-16.0,-32.0,144,-0.663,1.233,0.000124761,-28.3736712,9.41e-06,-13.42138668,1.180967509,3.611666966
0.0,0.0,576.0,8.0,56.18,-0.08,-0.08,-0.16,-24.0,0.0,0.0,0.0,0.0,0.0,0.0,0.0,84,-0.722,1.254,4.03e-05,-20.75005327,1.4e-05,-15.04758626,0.58858217,4.093142643
0.0,0.0,2.0,0.0,912.25,0.0,0.0,0.0,0.0,0.0,0.0,0.0,0.0,0.0,0.0,0.0,20,-0.706,0.822,9.49e-06,-20.29579051,1.08e-06,-10.62989462,0.128655884,0.581489522
0.33,0.72,258.0,58.66666667,295.84,-0.32,1.813333333,-0.48,-74.4,73.9328,392.0,784.0,5.88,16.52,-4.0,20.0,160,-0.389,1.219,0.000106499,-22.21238056,3.44e-05,-18.10424391,1.256716627,3.172488856
-0.04,-0.08,390.0,96.0,674.16,-0.96,-0.96,-1.92,-288.0,284.0064,1536.0,2304.0,21.36,21.36,-48.0,-96.0,720,-0.522,1.251,6.89e-05,-27.71371026,5.41e-06,-13.43867843,0.816788049,2.004120277
-0.053333333,0.273333333,480.0,16.0,112.36,-0.16,-0.16,-0.24,-32.4,43.8784,236.0,801.3333333,4.333333333,4.986666667,-5.333333333,-8.0,136,-1.272,1.238,0.000809252,-37.32369759,1.07e-05,-18.6537465,2.426470094,1.972054693
0.272,0.104,159.2,80.0,387.58,-0.32,1.2,1.04,-60.4,107.968,580.0,800.0,10.66,14.02,-4.0,-12.0,136,-0.467,0.926,0.000106759,-27.08312242,3.9e-05,-22.76246234,0.789881339,1.562257586
0.0,0.0,366.0,16.0,112.36,-0.16,-0.16,-0.32,-48.0,0.0,0.0,0.0,0.0,0.0,0.0,0.0,112,-0.55,1.228,0.000612317,-37.3479068,2.14e-05,-21.62604061,2.000308162,1.73686237
0.0,0.0,68.0,72.0,328.56,-0.16,2.96,1.52,11.6,0.0,0.0,0.0,0.0,0.0,0.0,0.0,42,-0.699,1.233,2.3e-05,-19.52352961,6.24e-06,-13.54368868,0.351717207,1.648113363
-0.08,-0.32,2286.0,24.0,168.54,-0.24,-0.24,-0.48,-72.0,71.0016,384.0,2304.0,5.34,10.68,-12.0,-180.0,396,-0.406,0.905,0.000146328,-23.9558083,3.86e-05,-18.45280882,1.281108388,5.63410191
0.6,0.52,952.0,8.0,56.18,-0.08,-0.08,-0.16,-24.0,23.6672,128.0,512.0,3.56,10.3,-6.0,-12.0,138,-0.422,0.9,2.02e-05,-13.4641689,8.94e-06,-9.801059257,0.305006189,4.714531956
0.0,0.0,540.0,8.0,56.18,-0.08,-0.08,-0.16,-24.0,0.0,0.0,0.0,0.0,0.0,0.0,0.0,80,-0.442,0.533,0.00207561,-40.13029779,1.6e-05,-21.55147354,2.680712072,2.201490913
0.0,0.0,972.0,64.0,449.44,-0.64,-0.64,-1.28,-192.0,0.0,0.0,0.0,0.0,0.0,0.0,0.0,1056,-0.49,1.256,8.28e-05,-22.24818377,1.19e-05,-12.21068052,1.18188706,4.624739655
-0.12,-0.12,2644.0,8.0,56.18,-0.08,-0.08,-0.16,-24.0,23.6672,128.0,288.0,3.56,5.34,-2.0,-8.0,238,-0.5,0.934,4.24e-05,-18.35781199,1.43e-05,-13.68857404,0.569495835,4.791667165
-0.026666667,-0.053333333,230.0,48.0,221.88,-0.24,1.28,1.16,-44.2,47.3344,256.0,384.0,3.56,3.56,-8.0,-16.0,112,-0.571,0.888,0.000843652,-34.33828257,9.29e-06,-18.27113579,2.255115687,1.603831579
0.72,1.12,364.0,112.0,438.08,-0.32,6.08,-0.16,-31.2,73.9328,392.0,504.0,5.88,21.28,-8.0,24.0,208,-0.277,1.032,0.000102809,-27.16360355,1.1e-05,-14.17801864,1.491358832,4.488340359
0.466666667,0.733333333,250.6666667,70.0,275.22,-1.02,2.96,1.44,-4.0,44.1864,588.0,420.0,-6.44,12.6,24.0,24.0,114,-0.805,1.988,5.89e-05,-34.69919593,1.44e-06,-16.57871029,0.427206371,0.384489145
0.34,-0.06,374.0,34.0,109.52,-0.06,0.68,0.28,-16.6,18.4832,98.0,350.0,2.66,3.64,4.0,2.0,56,-0.618,1.133,0.00269576,-44.54334965,7.72e-06,-23.37310204,2.246178223,1.25408873
-0.026666667,-0.053333333,724.0,12.0,84.27,-0.12,-0.12,-0.24,-36.0,23.6672,128.0,192.0,1.78,1.78,-4.0,-8.0,156,-0.572,1.831,0.000849234,-39.32140212,1.75e-05,-18.04880488,2.744808739,3.220132757
0.164444444,0.084444444,51.33333333,224.0,1224.6,-1.44,4.8,3.04,23.2,73.9328,392.0,56.0,7.84,17.36,-16.0,8.0,232,-0.434,2.001,0.000647836,-34.89075798,1.69e-05,-17.76393347,2.789113869,2.846446041
0.175,0.1675,359.0,92.0,331.4,2.8,2.8,5.84,21.2,42.1504,226.0,662.0,4.23,6.12,-8.0,-5.0,228,-0.459,0.907,0.000339832,-40.23943366,3.58e-07,-15.18623506,0.828825774,0.202009405
-0.02,0.38,54.0,80.0,438.08,-0.106666667,1.973333333,1.013333333,7.733333333,73.9328,392.0,56.0,0.0,3.92,0.0,8.0,48,-0.624,0.899,7.54e-05,-35.56646607,9.92e-06,-22.83917839,0.71309558,2.266678494
0.0,0.0,1040.0,888.0,332.82,-0.6,6.24,6.36,-19.8,0.0,0.0,0.0,0.0,0.0,0.0,0.0,174,-0.455,1.147,0.000138311,-24.1993506,3.56e-05,-18.46480127,1.368612052,5.232922991
0.345,0.34,472.0,29.33333333,147.92,-0.133333333,0.373333333,0.293333333,-28.13333333,39.5584,211.0,510.0,3.69,6.7,-1.0,2.0,144,-0.437,1.224,0.000114358,-26.44155571,1.93e-05,-18.84025816,1.542212703,3.559156957
-0.05,0.46,372.0,25.6,133.696,-0.16,0.448,0.336,-36.88,42.1504,226.0,668.0,5.42,4.72,0.0,-4.0,116,-0.478,1.217,0.000123462,-22.0798302,3.19e-05,-16.85638101,1.77877595,6.296513279
0.0,0.0,294.0,48.0,337.08,-0.48,-0.48,-0.96,-144.0,0.0,0.0,0.0,0.0,0.0,0.0,0.0,264,-0.957,1.214,0.000682891,-36.70564917,1.28e-05,-14.82792915,2.093006501,4.331694725
-0.013333333,-0.02,118.0,25.33333333,106.495,-0.12,0.18,0.263333333,-6.783333333,11.8336,64.0,104.0,0.89,0.89,-2.0,-3.0,34,-0.813,1.904,0.00098113,-41.29990111,7.83e-06,-16.33702923,2.626793503,1.987130078
-0.016,-0.032,158.4,88.0,387.58,-0.4,2.64,2.56,-48.8,47.3344,256.0,384.0,3.56,3.56,-8.0,-16.0,136,-0.448,1.129,6.73e-05,-20.36171447,2.4e-05,-16.25123437,0.986592624,4.047339189
-0.12,2.16,540.0,32.0,224.72,-0.32,-0.32,-0.64,-96.0,73.9328,392.0,2352.0,11.76,23.52,0.0,96.0,320,-0.527,1.212,0.001172,-38.27896874,2.23e-05,-17.24901429,2.969987687,4.532373294
0.0,0.0,182.0,74.66666667,331.4,-0.213333333,-0.32,0.533333333,-71.46666667,0.0,0.0,0.0,0.0,0.0,0.0,0.0,116,-0.519,1.21,0.000325304,-30.2336343,2.58e-05,-18.37857557,2.196048042,3.482054374
0.0,0.0,384.0,152.0,662.8,-2.64,5.76,5.92,15.2,80.86293333,1024.0,0.0,-4.586666667,0.0,16.0,0.0,424,-0.513,1.216,0.0538782,-52.00285502,1.58e-05,-19.01770712,4.277646056,2.419166149
0.0,0.0,258.0,64.0,219.04,-0.16,2.88,2.96,7.6,0.0,0.0,0.0,0.0,0.0,0.0,0.0,80,-0.636,0.862,0.000121759,-28.15508822,4.22e-05,-23.57251438,0.986863716,2.029586716
5.7,7.485,480.0,256.0,876.16,-0.64,11.52,11.84,30.4,57.76,3136.0,7056.0,-41.6,-78.8,32.0,424.0,520,-1.345,1.372,0.000202723,-29.09990674,7.35e-05,-24.48573244,1.539193152,3.022174127
-0.026666667,0.086666667,180.0,16.66666667,117.47,-0.08,-0.106666667,-0.2,-29.4,18.4832,98.0,308.0,0.98,1.96,-4.0,-12.0,46,-0.53,1.711,0.00156613,-37.69552573,7.27e-06,-12.48322471,3.141646324,2.556719378
0.06,0.34,227.0,168.0,662.8,-0.64,5.44,9.44,-24.26666667,94.6688,512.0,1024.0,12.08,15.64,-12.0,0.0,296,-0.391,0.923,0.000184304,-26.89833998,5.01e-05,-21.45791735,1.271399177,2.331689416
0.37,0.26,498.0,10.0,56.18,-0.08,-0.08,1.36,-8.8,21.0752,113.0,374.0,2.36,2.17,-3.0,-8.0,72,-0.513,0.963,2.4e-05,-19.18130119,6.51e-06,-12.48242441,0.350764134,3.266687005
-0.008,-0.008,126.8,69.6,280.9,-0.432,-0.448,-0.096,-14.4,23.6672,128.0,224.0,0.0,1.78,-2.0,-6.0,84,-0.43,1.257,8.02e-05,-25.47986298,1.38e-05,-18.48602894,0.773277662,1.4022283
0.888,0.672,226.4,108.0,440.92,-1.56,4.44,2.16,-6.0,74.634,1194.0,378.0,-11.18,26.04,42.0,30.0,172,-0.515,1.336,1.56e-05,-28.6745061,1.22e-06,-16.04133463,0.186682626,0.398008983
-0.04,0.064,1208.0,16.0,112.36,-0.16,-0.16,-0.32,-48.0,47.3344,256.0,396.8,5.544,3.56,-4.8,-12.8,344,-0.659,1.471,0.0109504,-45.49376564,5.1e-05,-20.55983143,5.403735861,4.234173555
1.168,1.184,427.2,68.0,668.48,-0.64,-0.64,-1.28,-192.0,184.832,980.0,1792.0,23.52,77.28,-8.0,112.0,620,-0.506,1.32,0.00303552,-43.41698951,6.02e-05,-24.54285427,4.079910126,5.171716159
0.4,0.411111111,177.5555556,42.0,252.81,-1.42,-0.4,3.2,-52.0,65.3924,1145.0,280.0,-17.1,13.3,58.0,20.0,130,-0.688,2.031,0.215902,-58.5213506,1.24e-06,-13.57481881,1.583165058,0.433321659
0.232,0.766,296.0,224.0,876.16,-0.4,7.2,4.24,-27.6,156.16,832.0,1630.4,12.592,22.448,-4.8,24.0,368,-0.273,0.857,3.5e-05,-17.73427901,1.02e-05,-11.57145039,0.524495077,4.57653028
0.055,-8.33e-17,261.0,80.0,331.4,-0.32,2.72,1.04,-67.6,89.4848,482.0,1024.0,8.98,8.98,-8.0,-28.0,168,-0.391,0.904,4.31e-05,-24.62322082,1.01e-05,-18.15818035,0.572393371,1.652646797
1.44,0.64,656.0,8.0,56.18,-0.08,-0.08,-0.16,-24.0,18.4832,98.0,532.0,2.94,10.64,-4.0,8.0,96,-0.41,0.896,5.5e-05,-19.87834015,1.35e-05,-13.10641277,0.834977093,5.42558488
-0.026666667,0.12,323.3333333,158.6666667,479.32,-0.506666667,4.533333333,6.08,-26.93333333,94.6688,512.0,704.0,7.12,7.12,-16.0,-26.66666667,304,-0.554,1.237,0.00234089,-42.46693817,8.04e-06,-17.40889303,2.63093517,1.886412876
0.28,1.093333333,388.0,48.0,337.08,-0.48,-0.48,-0.96,-144.0,121.2944,1536.0,3328.0,0.24,14.72,8.0,0.0,348,-0.51,1.207,0.0278681,-49.12696527,5.37e-05,-22.33226344,3.523681641,3.450494172
1.0,2.46,150.0,32.0,224.72,-0.32,-0.32,-2.64,-160.8,53.2512,2048.0,4352.0,0.48,0.96,-16.0,48.0,104,-0.568,1.853,0.00577495,-40.67752709,1.29e-05,-15.16303302,4.322614253,2.725157426
0.308571429,0.322857143,609.7142857,372.0,1733.06,-2.24,21.04,27.24,-399.0,73.9328,392.0,672.0,23.52,63.84,0.0,232.0,1032,-0.989,1.139,0.000438933,-33.84181695,9.3e-06,-14.77734135,3.411994765,3.626200017
0.0,-0.008,156.8,352.0,1550.32,-1.386666667,0.853333333,11.25333333,-187.4666667,147.8656,784.0,1456.0,34.72,0.0,64.0,16.0,544,-0.536,1.225,0.000214303,-31.99728469,6.27e-06,-13.51358031,1.452815721,2.178967605
0.72,0.73,416.0,112.0,438.08,-0.32,6.08,-0.16,-31.2,73.9328,392.0,616.0,5.88,21.28,-8.0,16.0,240,-0.243,0.85,2.49e-05,-18.18246626,7.29e-06,-11.32191855,0.381835193,3.786922425
-0.013333333,-0.026666667,192.0,48.0,337.08,-0.48,-0.48,-0.96,-144.0,47.3344,256.0,384.0,3.56,3.56,-8.0,-16.0,192,-0.497,1.24,8.51e-05,-22.13390813,2.57e-05,-17.52902353,1.097190635,4.017871841
0.568,0.392,346.0,53.33333333,193.79,0.04,1.573333333,2.16,-16.53333333,53.984,290.0,506.0,5.61,11.35,-8.0,-11.0,126,-0.482,1.111,2.81e-05,-27.62332195,3.69e-06,-19.59750713,0.33647153,0.73124817
0.288,0.716,640.0,45.33333333,147.92,-0.16,1.813333333,1.706666667,-32.53333333,49.59808,259.2,724.8,5.352,12.176,-6.4,4.0,172,-0.577,1.243,3.44e-05,-26.20070718,9.36e-06,-20.76066658,0.377838534,0.824959796
0.0,0.0,184.0,82.66666667,387.58,-0.293333333,-0.4,0.373333333,-95.46666667,0.0,0.0,0.0,0.0,0.0,0.0,0.0,148,-0.52,1.168,0.000313066,-31.3720771,3.2e-05,-22.0144869,2.19241775,3.653110678
0.08,-0.022857143,204.0,84.0,328.56,-0.12,-0.12,-0.12,-23.4,55.4496,294.0,456.0,1.56,5.64,0.0,-5.142857143,96,-0.247,1.185,8.95e-06,-15.27944737,3.96e-06,-11.546537,0.133159313,1.666491299
-0.016666667,0.156666667,224.6666667,52.0,221.88,-0.24,1.28,3.82,-16.7,21.0752,113.0,341.0,2.71,2.36,0.0,-1.0,108,-0.499,0.919,4.8e-05,-26.63876787,1.66e-05,-21.48671801,0.504583091,1.250501709
0.62,3.35,324.0,76.0,251.39,-1.7,-0.22,-1.2,-163.5,38.3688,1800.0,3960.0,-32.88,-12.88,72.0,152.0,192,-0.497,1.127,0.000228662,-30.61666161,2.44e-05,-21.27291725,2.680563874,2.492391407
0.0,0.0,540.0,26.57777778,187.6133333,-0.069333333,-0.129777778,0.344888889,-28.65777778,0.0,0.0,0.0,0.0,0.0,0.0,0.0,160,-0.545,1.973,0.00071902,-35.30483345,3.41e-05,-17.89952224,3.114961324,4.464422579
0.34,0.34,468.0,128.0,438.08,-0.32,5.92,2.88,-8.0,73.9328,392.0,728.0,14.56,14.56,16.0,16.0,264,-0.259,1.172,0.000121276,-22.38706822,2.85e-05,-16.38547636,1.709837679,8.103970641
0.0,0.0,731.2,27.0,140.45,-0.2,-0.2,-0.44,-66.0,0.0,0.0,0.0,0.0,0.0,0.0,0.0,200,-0.687,2.155,0.0175108,-48.23565197,7.81e-05,-23.25740048,3.531439664,3.083361856
-0.04,-0.08,564.0,32.0,224.72,-0.32,-0.32,-0.64,-96.0,94.6688,512.0,768.0,7.12,7.12,-16.0,-32.0,336,-0.514,1.239,0.00021527,-26.55572407,3.08e-05,-16.94293492,2.489862756,5.829143328
-0.04,-0.08,216.0,16.0,112.36,-0.16,-0.16,-0.32,-48.0,47.3344,256.0,384.0,3.56,3.56,-8.0,-16.0,72,-0.667,2.006,0.000169536,-26.35449931,5.36e-05,-21.63844504,1.337463857,2.252560811
-0.04,0.32,240.0,16.66666667,117.47,-0.08,-0.106666667,-0.073333333,-28.43333333,27.7248,147.0,399.0,6.51,2.94,12.0,6.0,60,-0.518,1.715,0.00517204,-40.93046711,1.54e-05,-14.76242106,4.487328454,4.196809991
0.0,0.0,1132.0,12.0,84.27,-0.12,-0.12,-0.24,-36.0,0.0,0.0,0.0,0.0,0.0,0.0,0.0,168,-0.553,0.903,0.000260637,-26.31625653,4.86e-05,-19.65585803,1.798277309,6.863442526
1.44,0.64,656.0,8.0,56.18,-0.08,-0.08,-0.16,-24.0,18.4832,98.0,532.0,2.94,10.64,-4.0,8.0,96,-0.418,0.9,0.000164143,-25.22984391,2.46e-05,-17.73912436,2.065272751,5.402061118
0.6,0.54,784.0,32.0,109.52,-0.08,1.44,0.76,2.2,23.6672,128.0,528.0,3.56,10.3,-6.0,-10.0,114,-0.258,0.837,0.000138543,-23.77959586,2.28e-05,-16.82875675,2.138354828,6.673218809
1.135,0.856666667,429.0,80.0,331.4,-0.32,2.72,2.64,-40.4,80.84933333,580.0,1113.333333,8.766666667,29.04666667,-2.0,36.0,240,-0.445,1.219,2.22e-05,-33.21991042,1.73e-05,-27.64205639,0.294655409,1.517100947
0.0,0.0,829.5,64.0,449.44,-0.64,-0.64,-1.28,-192.0,0.0,0.0,0.0,0.0,0.0,0.0,0.0,1004,-1.057,1.237,0.000676546,-35.64669256,1.28e-05,-15.14877622,2.503212355,3.893492675
0.0,0.0,68.0,240.0,1095.2,-0.533333333,9.866666667,5.066666667,38.66666667,0.0,0.0,0.0,0.0,0.0,0.0,0.0,140,-0.69,1.201,0.00964184,-49.1068333,1.07e-05,-23.86852358,1.381435945,1.149906058
0.0,0.0,126.0,88.0,331.4,-0.32,2.56,5.52,-34.0,0.0,0.0,0.0,0.0,0.0,0.0,0.0,88,-0.549,0.551,9.82e-06,-27.27999877,1.1e-05,-24.67071947,0.134515135,1.890786535
